<?xml version="1.0" encoding="UTF-8"?>
<configuration>
    <include resource="org/springframework/boot/logging/logback/defaults.xml"/>
    
    <springProperty scope="context" name="appName" source="spring.application.name" defaultValue="scheduler"/>
    <springProperty scope="context" name="logstashHost" source="logging.logstash.host" defaultValue="localhost"/>
    <springProperty scope="context" name="logstashPort" source="logging.logstash.port" defaultValue="5000"/>
    
    <appender name="STDOUT" class="ch.qos.logback.core.ConsoleAppender">
        <encoder>
            <pattern>${CONSOLE_LOG_PATTERN}</pattern>
            <charset>utf8</charset>
        </encoder>
    </appender>
    
    <appender name="LOGSTASH" class="net.logstash.logback.appender.LogstashTcpSocketAppender">
        <destination>${logstashHost}:${logstashPort}</destination>
        <encoder class="net.logstash.logback.encoder.LogstashEncoder">
            <customFields>{"app":"${appName}"}</customFields>
        </encoder>
    </appender>
    
    <root level="INFO">
        <appender-ref ref="STDOUT"/>
        <appender-ref ref="LOGSTASH"/>
    </root>
    
    <logger name="org.quartz" level="INFO"/>
    <logger name="org.springframework" level="INFO"/>
    <logger name="org.springframework.jdbc" level="DEBUG"/>
    <logger name="com.tietoevry.teis.core.ts" level="DEBUG"/>
</configuration>